state,player,mcts_distribution
"[1, 2, 3, 4]",1,"[('1000', 0.034482758620689655), ('0100', 0.034482758620689655), ('0200', 0.3275862068965517), ('0010', 0.034482758620689655), ('0020', 0.034482758620689655), ('0030', 0.06896551724137931), ('0001', 0.13793103448275862), ('0002', 0.034482758620689655), ('0003', 0.08620689655172414), ('0004', 0.20689655172413793)]"
"[1, 0, 3, 4]",-1,"[('1000', 0.030303030303030304), ('0010', 0.3333333333333333), ('0020', 0.12121212121212122), ('0030', 0.21212121212121213), ('0001', 0.09090909090909091), ('0002', 0.15151515151515152), ('0003', 0.030303030303030304), ('0004', 0.030303030303030304)]"
"[1, 0, 2, 4]",1,"[('1000', 0.1794871794871795), ('0010', 0.23076923076923078), ('0020', 0.1794871794871795), ('0001', 0.07692307692307693), ('0002', 0.05128205128205128), ('0003', 0.1794871794871795), ('0004', 0.10256410256410256)]"
"[1, 0, 1, 4]",-1,"[('1000', 0.10526315789473684), ('0010', 0.05263157894736842), ('0001', 0.15789473684210525), ('0002', 0.10526315789473684), ('0003', 0.5263157894736842), ('0004', 0.05263157894736842)]"
"[1, 0, 1, 1]",1,"[('1000', 0.3333333333333333), ('0010', 0.3333333333333333), ('0001', 0.3333333333333333)]"
"[0, 0, 1, 1]",-1,"[('0010', 0.5), ('0001', 0.5)]"
"[1, 2, 3, 4]",1,"[('1000', 0.05660377358490566), ('0100', 0.05660377358490566), ('0200', 0.16981132075471697), ('0010', 0.05660377358490566), ('0020', 0.16981132075471697), ('0030', 0.20754716981132076), ('0001', 0.05660377358490566), ('0002', 0.11320754716981132), ('0003', 0.05660377358490566), ('0004', 0.05660377358490566)]"
"[1, 2, 0, 4]",-1,"[('1000', 0.11320754716981132), ('0100', 0.18867924528301888), ('0200', 0.05660377358490566), ('0001', 0.4339622641509434), ('0002', 0.09433962264150944), ('0003', 0.018867924528301886), ('0004', 0.09433962264150944)]"
"[1, 2, 0, 3]",1,"[('1000', 0.47058823529411764), ('0100', 0.058823529411764705), ('0200', 0.058823529411764705), ('0001', 0.14705882352941177), ('0002', 0.20588235294117646), ('0003', 0.058823529411764705)]"
"[0, 2, 0, 3]",-1,"[('0100', 0.5), ('0200', 0.1), ('0001', 0.1), ('0002', 0.1), ('0003', 0.2)]"
"[0, 1, 0, 3]",1,"[('0100', 0.3333333333333333), ('0001', 0.3333333333333333), ('0002', 0.16666666666666666), ('0003', 0.16666666666666666)]"
"[1, 2, 3, 4]",1,"[('1000', 0.06914893617021277), ('0100', 0.015957446808510637), ('0200', 0.0851063829787234), ('0010', 0.047872340425531915), ('0020', 0.09574468085106383), ('0030', 0.047872340425531915), ('0001', 0.2872340425531915), ('0002', 0.015957446808510637), ('0003', 0.2074468085106383), ('0004', 0.1276595744680851)]"
"[1, 2, 3, 3]",-1,"[('1000', 0.03076923076923077), ('0100', 0.07692307692307693), ('0200', 0.2), ('0010', 0.26153846153846155), ('0020', 0.06153846153846154), ('0030', 0.03076923076923077), ('0001', 0.1076923076923077), ('0002', 0.16923076923076924), ('0003', 0.06153846153846154)]"
"[1, 2, 2, 3]",1,"[('1000', 0.04081632653061224), ('0100', 0.30612244897959184), ('0200', 0.08163265306122448), ('0010', 0.04081632653061224), ('0020', 0.04081632653061224), ('0001', 0.12244897959183673), ('0002', 0.04081632653061224), ('0003', 0.32653061224489793)]"
"[1, 2, 2, 0]",-1,"[('1000', 0.1111111111111111), ('0100', 0.1111111111111111), ('0200', 0.5555555555555556), ('0010', 0.1111111111111111), ('0020', 0.1111111111111111)]"
"[1, 0, 2, 0]",1,"[('1000', 0.3333333333333333), ('0010', 0.3333333333333333), ('0020', 0.3333333333333333)]"
"[1, 2, 3, 4]",1,"[('1000', 0.01507537688442211), ('0100', 0.32160804020100503), ('0200', 0.135678391959799), ('0010', 0.10050251256281408), ('0020', 0.05527638190954774), ('0030', 0.06030150753768844), ('0001', 0.10050251256281408), ('0002', 0.04522613065326633), ('0003', 0.1407035175879397), ('0004', 0.02512562814070352)]"
"[1, 1, 3, 4]",-1,"[('1000', 0.054878048780487805), ('0100', 0.054878048780487805), ('0010', 0.18292682926829268), ('0020', 0.09146341463414634), ('0030', 0.07926829268292683), ('0001', 0.018292682926829267), ('0002', 0.3597560975609756), ('0003', 0.09146341463414634), ('0004', 0.06707317073170732)]"
"[1, 1, 3, 2]",1,"[('1000', 0.06153846153846154), ('0100', 0.5230769230769231), ('0010', 0.06153846153846154), ('0020', 0.03076923076923077), ('0030', 0.13846153846153847), ('0001', 0.03076923076923077), ('0002', 0.15384615384615385)]"
"[1, 0, 3, 2]",-1,"[('1000', 0.1111111111111111), ('0010', 0.1111111111111111), ('0020', 0.1111111111111111), ('0030', 0.4444444444444444), ('0001', 0.1111111111111111), ('0002', 0.1111111111111111)]"
"[1, 0, 0, 2]",1,"[('1000', 0.5), ('0001', 0.25), ('0002', 0.25)]"
"[1, 2, 3, 4]",1,"[('1000', 0.12987012987012986), ('0100', 0.025974025974025976), ('0200', 0.1038961038961039), ('0010', 0.025974025974025976), ('0020', 0.19480519480519481), ('0030', 0.025974025974025976), ('0001', 0.06493506493506493), ('0002', 0.18181818181818182), ('0003', 0.06493506493506493), ('0004', 0.18181818181818182)]"
"[1, 2, 1, 4]",-1,"[('1000', 0.45454545454545453), ('0100', 0.07792207792207792), ('0200', 0.12987012987012986), ('0010', 0.05194805194805195), ('0001', 0.09090909090909091), ('0002', 0.025974025974025976), ('0003', 0.07792207792207792), ('0004', 0.09090909090909091)]"
"[0, 2, 1, 4]",1,"[('0100', 0.10344827586206896), ('0200', 0.034482758620689655), ('0010', 0.3793103448275862), ('0001', 0.22413793103448276), ('0002', 0.1724137931034483), ('0003', 0.034482758620689655), ('0004', 0.05172413793103448)]"
"[0, 2, 0, 4]",-1,"[('0100', 0.4), ('0200', 0.06666666666666667), ('0001', 0.26666666666666666), ('0002', 0.06666666666666667), ('0003', 0.06666666666666667), ('0004', 0.13333333333333333)]"
"[0, 1, 0, 4]",1,"[('0100', 0.2857142857142857), ('0001', 0.14285714285714285), ('0002', 0.2857142857142857), ('0003', 0.14285714285714285), ('0004', 0.14285714285714285)]"
"[1, 2, 3, 4]",1,"[('1000', 0.05555555555555555), ('0100', 0.027777777777777776), ('0200', 0.05555555555555555), ('0010', 0.1527777777777778), ('0020', 0.125), ('0030', 0.027777777777777776), ('0001', 0.027777777777777776), ('0002', 0.1527777777777778), ('0003', 0.027777777777777776), ('0004', 0.3472222222222222)]"
"[1, 2, 3, 0]",-1,"[('1000', 0.2), ('0100', 0.05), ('0200', 0.3), ('0010', 0.35), ('0020', 0.05), ('0030', 0.05)]"
"[1, 2, 2, 0]",1,"[('1000', 0.42857142857142855), ('0100', 0.07142857142857142), ('0200', 0.14285714285714285), ('0010', 0.07142857142857142), ('0020', 0.2857142857142857)]"
"[0, 2, 2, 0]",-1,"[('0100', 0.125), ('0200', 0.125), ('0010', 0.5), ('0020', 0.25)]"
"[0, 2, 1, 0]",1,"[('0100', 0.3333333333333333), ('0200', 0.3333333333333333), ('0010', 0.3333333333333333)]"
"[0, 1, 1, 0]",-1,"[('0100', 0.5), ('0010', 0.5)]"
"[1, 2, 3, 4]",1,"[('1000', 0.14285714285714285), ('0100', 0.09183673469387756), ('0200', 0.05102040816326531), ('0010', 0.1683673469387755), ('0020', 0.14285714285714285), ('0030', 0.030612244897959183), ('0001', 0.08163265306122448), ('0002', 0.1836734693877551), ('0003', 0.015306122448979591), ('0004', 0.09183673469387756)]"
"[1, 2, 3, 2]",-1,"[('1000', 0.2), ('0100', 0.02857142857142857), ('0200', 0.02857142857142857), ('0010', 0.11428571428571428), ('0020', 0.2), ('0030', 0.02857142857142857), ('0001', 0.08571428571428572), ('0002', 0.3142857142857143)]"
"[1, 2, 3, 0]",1,"[('1000', 0.09090909090909091), ('0100', 0.22727272727272727), ('0200', 0.13636363636363635), ('0010', 0.09090909090909091), ('0020', 0.2727272727272727), ('0030', 0.18181818181818182)]"
"[1, 2, 1, 0]",-1,"[('1000', 0.07692307692307693), ('0100', 0.7692307692307693), ('0200', 0.07692307692307693), ('0010', 0.07692307692307693)]"
"[1, 1, 1, 0]",1,"[('1000', 0.3333333333333333), ('0100', 0.3333333333333333), ('0010', 0.3333333333333333)]"
"[0, 1, 1, 0]",-1,"[('0100', 0.5), ('0010', 0.5)]"
"[1, 2, 3, 4]",1,"[('1000', 0.1388888888888889), ('0100', 0.037037037037037035), ('0200', 0.12037037037037036), ('0010', 0.06481481481481481), ('0020', 0.10185185185185185), ('0030', 0.18518518518518517), ('0001', 0.14814814814814814), ('0002', 0.018518518518518517), ('0003', 0.16666666666666666), ('0004', 0.018518518518518517)]"
"[1, 2, 0, 4]",-1,"[('1000', 0.37142857142857144), ('0100', 0.14285714285714285), ('0200', 0.05714285714285714), ('0001', 0.08571428571428572), ('0002', 0.05714285714285714), ('0003', 0.22857142857142856), ('0004', 0.05714285714285714)]"
"[0, 2, 0, 4]",1,"[('0100', 0.4), ('0200', 0.06666666666666667), ('0001', 0.26666666666666666), ('0002', 0.06666666666666667), ('0003', 0.06666666666666667), ('0004', 0.13333333333333333)]"
"[0, 1, 0, 4]",-1,"[('0100', 0.2), ('0001', 0.2), ('0002', 0.2), ('0003', 0.2), ('0004', 0.2)]"
"[1, 2, 3, 4]",1,"[('1000', 0.05025125628140704), ('0100', 0.09045226130653267), ('0200', 0.035175879396984924), ('0010', 0.01507537688442211), ('0020', 0.07537688442211055), ('0030', 0.035175879396984924), ('0001', 0.02512562814070352), ('0002', 0.24120603015075376), ('0003', 0.3417085427135678), ('0004', 0.09045226130653267)]"
"[1, 2, 3, 1]",-1,"[('1000', 0.19117647058823528), ('0100', 0.17647058823529413), ('0200', 0.029411764705882353), ('0010', 0.08823529411764706), ('0020', 0.16176470588235295), ('0030', 0.1323529411764706), ('0001', 0.22058823529411764)]"
"[1, 2, 3, 0]",1,"[('1000', 0.08695652173913043), ('0100', 0.34782608695652173), ('0200', 0.08695652173913043), ('0010', 0.17391304347826086), ('0020', 0.13043478260869565), ('0030', 0.17391304347826086)]"
"[1, 1, 3, 0]",-1,"[('1000', 0.058823529411764705), ('0100', 0.058823529411764705), ('0010', 0.23529411764705882), ('0020', 0.5882352941176471), ('0030', 0.058823529411764705)]"
"[1, 1, 1, 0]",1,"[('1000', 0.3333333333333333), ('0100', 0.3333333333333333), ('0010', 0.3333333333333333)]"
"[0, 1, 1, 0]",-1,"[('0100', 0.5), ('0010', 0.5)]"
"[1, 2, 3, 4]",1,"[('1000', 0.10344827586206896), ('0100', 0.02586206896551724), ('0200', 0.06896551724137931), ('0010', 0.3103448275862069), ('0020', 0.12931034482758622), ('0030', 0.02586206896551724), ('0001', 0.12931034482758622), ('0002', 0.02586206896551724), ('0003', 0.05172413793103448), ('0004', 0.12931034482758622)]"
"[1, 2, 2, 4]",-1,"[('1000', 0.12396694214876033), ('0100', 0.03305785123966942), ('0200', 0.09090909090909091), ('0010', 0.01652892561983471), ('0020', 0.12396694214876033), ('0001', 0.23140495867768596), ('0002', 0.21487603305785125), ('0003', 0.03305785123966942), ('0004', 0.1322314049586777)]"
"[1, 2, 2, 3]",1,"[('1000', 0.46564885496183206), ('0100', 0.06870229007633588), ('0200', 0.05343511450381679), ('0010', 0.06870229007633588), ('0020', 0.03816793893129771), ('0001', 0.03816793893129771), ('0002', 0.24427480916030533), ('0003', 0.022900763358778626)]"
"[0, 2, 2, 3]",-1,"[('0100', 0.30434782608695654), ('0200', 0.30434782608695654), ('0010', 0.043478260869565216), ('0020', 0.08695652173913043), ('0001', 0.08695652173913043), ('0002', 0.13043478260869565), ('0003', 0.043478260869565216)]"
"[0, 1, 2, 3]",1,"[('0100', 0.2727272727272727), ('0010', 0.09090909090909091), ('0020', 0.09090909090909091), ('0001', 0.09090909090909091), ('0002', 0.09090909090909091), ('0003', 0.36363636363636365)]"
"[0, 1, 2, 0]",-1,"[('0100', 0.5), ('0010', 0.25), ('0020', 0.25)]"
"[1, 2, 3, 4]",1,"[('1000', 0.1711229946524064), ('0100', 0.053475935828877004), ('0200', 0.0427807486631016), ('0010', 0.0427807486631016), ('0020', 0.0427807486631016), ('0030', 0.06951871657754011), ('0001', 0.16042780748663102), ('0002', 0.016042780748663103), ('0003', 0.36363636363636365), ('0004', 0.0374331550802139)]"
"[1, 2, 3, 1]",-1,"[('1000', 0.03488372093023256), ('0100', 0.16279069767441862), ('0200', 0.13953488372093023), ('0010', 0.08139534883720931), ('0020', 0.10465116279069768), ('0030', 0.10465116279069768), ('0001', 0.37209302325581395)]"
"[1, 2, 3, 0]",1,"[('1000', 0.4117647058823529), ('0100', 0.058823529411764705), ('0200', 0.058823529411764705), ('0010', 0.17647058823529413), ('0020', 0.058823529411764705), ('0030', 0.23529411764705882)]"
"[0, 2, 3, 0]",-1,"[('0100', 0.15384615384615385), ('0200', 0.23076923076923078), ('0010', 0.23076923076923078), ('0020', 0.23076923076923078), ('0030', 0.15384615384615385)]"
"[1, 2, 3, 4]",1,"[('1000', 0.24719101123595505), ('0100', 0.06741573033707865), ('0200', 0.19101123595505617), ('0010', 0.0449438202247191), ('0020', 0.02247191011235955), ('0030', 0.23595505617977527), ('0001', 0.0449438202247191), ('0002', 0.02247191011235955), ('0003', 0.02247191011235955), ('0004', 0.10112359550561797)]"
"[0, 2, 3, 4]",-1,"[('0100', 0.14285714285714285), ('0200', 0.031746031746031744), ('0010', 0.1111111111111111), ('0020', 0.1111111111111111), ('0030', 0.031746031746031744), ('0001', 0.031746031746031744), ('0002', 0.19047619047619047), ('0003', 0.14285714285714285), ('0004', 0.20634920634920634)]"
"[0, 2, 3, 0]",1,"[('0100', 0.14285714285714285), ('0200', 0.42857142857142855), ('0010', 0.14285714285714285), ('0020', 0.14285714285714285), ('0030', 0.14285714285714285)]"
"[1, 2, 3, 4]",1,"[('1000', 0.11538461538461539), ('0100', 0.11538461538461539), ('0200', 0.125), ('0010', 0.038461538461538464), ('0020', 0.18269230769230768), ('0030', 0.17307692307692307), ('0001', 0.11538461538461539), ('0002', 0.0673076923076923), ('0003', 0.019230769230769232), ('0004', 0.04807692307692308)]"
"[1, 2, 1, 4]",-1,"[('1000', 0.04040404040404041), ('0100', 0.04040404040404041), ('0200', 0.13131313131313133), ('0010', 0.13131313131313133), ('0001', 0.06060606060606061), ('0002', 0.494949494949495), ('0003', 0.020202020202020204), ('0004', 0.08080808080808081)]"
"[1, 2, 1, 2]",1,"[('1000', 0.16), ('0100', 0.2), ('0200', 0.16), ('0010', 0.24), ('0001', 0.04), ('0002', 0.2)]"
"[1, 2, 0, 2]",-1,"[('1000', 0.13636363636363635), ('0100', 0.2727272727272727), ('0200', 0.18181818181818182), ('0001', 0.36363636363636365), ('0002', 0.045454545454545456)]"
"[1, 2, 0, 1]",1,"[('1000', 0.16666666666666666), ('0100', 0.5555555555555556), ('0200', 0.05555555555555555), ('0001', 0.2222222222222222)]"
"[1, 1, 0, 1]",-1,"[('1000', 0.3333333333333333), ('0100', 0.3333333333333333), ('0001', 0.3333333333333333)]"
"[0, 1, 0, 1]",1,"[('0100', 0.5), ('0001', 0.5)]"
"[1, 2, 3, 4]",1,"[('1000', 0.07142857142857142), ('0100', 0.038461538461538464), ('0200', 0.10989010989010989), ('0010', 0.054945054945054944), ('0020', 0.08241758241758242), ('0030', 0.14285714285714285), ('0001', 0.17032967032967034), ('0002', 0.1813186813186813), ('0003', 0.04395604395604396), ('0004', 0.1043956043956044)]"
"[1, 2, 3, 2]",-1,"[('1000', 0.09547738693467336), ('0100', 0.01507537688442211), ('0200', 0.11557788944723618), ('0010', 0.2613065326633166), ('0020', 0.1407035175879397), ('0030', 0.15577889447236182), ('0001', 0.20100502512562815), ('0002', 0.01507537688442211)]"
"[1, 2, 2, 2]",1,"[('1000', 0.03636363636363636), ('0100', 0.2), ('0200', 0.09090909090909091), ('0010', 0.34545454545454546), ('0020', 0.03636363636363636), ('0001', 0.07272727272727272), ('0002', 0.21818181818181817)]"
"[1, 2, 1, 2]",-1,"[('1000', 0.23404255319148937), ('0100', 0.2553191489361702), ('0200', 0.0425531914893617), ('0010', 0.0851063829787234), ('0001', 0.1702127659574468), ('0002', 0.2127659574468085)]"
"[1, 1, 1, 2]",1,"[('1000', 0.2), ('0100', 0.2), ('0010', 0.05), ('0001', 0.05), ('0002', 0.5)]"
"[1, 1, 1, 0]",-1,"[('1000', 0.3333333333333333), ('0100', 0.3333333333333333), ('0010', 0.3333333333333333)]"
"[0, 1, 1, 0]",1,"[('0100', 0.5), ('0010', 0.5)]"
"[1, 2, 3, 4]",1,"[('1000', 0.08196721311475409), ('0100', 0.14754098360655737), ('0200', 0.21311475409836064), ('0010', 0.04918032786885246), ('0020', 0.04918032786885246), ('0030', 0.19672131147540983), ('0001', 0.08196721311475409), ('0002', 0.03278688524590164), ('0003', 0.09836065573770492), ('0004', 0.04918032786885246)]"
"[1, 0, 3, 4]",-1,"[('1000', 0.5384615384615384), ('0010', 0.038461538461538464), ('0020', 0.038461538461538464), ('0030', 0.038461538461538464), ('0001', 0.038461538461538464), ('0002', 0.23076923076923078), ('0003', 0.038461538461538464), ('0004', 0.038461538461538464)]"
"[0, 0, 3, 4]",1,"[('0010', 0.06666666666666667), ('0020', 0.4), ('0030', 0.26666666666666666), ('0001', 0.06666666666666667), ('0002', 0.06666666666666667), ('0003', 0.06666666666666667), ('0004', 0.06666666666666667)]"
"[0, 0, 1, 4]",-1,"[('0010', 0.14285714285714285), ('0001', 0.2857142857142857), ('0002', 0.2857142857142857), ('0003', 0.14285714285714285), ('0004', 0.14285714285714285)]"
"[0, 0, 1, 3]",1,"[('0010', 0.4), ('0001', 0.2), ('0002', 0.2), ('0003', 0.2)]"
"[1, 2, 3, 4]",1,"[('1000', 0.12060301507537688), ('0100', 0.07537688442211055), ('0200', 0.06030150753768844), ('0010', 0.07035175879396985), ('0020', 0.06532663316582915), ('0030', 0.11557788944723618), ('0001', 0.1306532663316583), ('0002', 0.22613065326633167), ('0003', 0.12060301507537688), ('0004', 0.01507537688442211)]"
"[1, 2, 3, 2]",-1,"[('1000', 0.04878048780487805), ('0100', 0.15853658536585366), ('0200', 0.0975609756097561), ('0010', 0.04878048780487805), ('0020', 0.2804878048780488), ('0030', 0.04878048780487805), ('0001', 0.06097560975609756), ('0002', 0.25609756097560976)]"
"[1, 2, 1, 2]",1,"[('1000', 0.13157894736842105), ('0100', 0.10526315789473684), ('0200', 0.18421052631578946), ('0010', 0.2631578947368421), ('0001', 0.13157894736842105), ('0002', 0.18421052631578946)]"
"[1, 2, 0, 2]",-1,"[('1000', 0.125), ('0100', 0.5), ('0200', 0.25), ('0001', 0.0625), ('0002', 0.0625)]"
"[1, 1, 0, 2]",1,"[('1000', 0.25), ('0100', 0.0625), ('0001', 0.625), ('0002', 0.0625)]"
"[1, 1, 0, 1]",-1,"[('1000', 0.3333333333333333), ('0100', 0.3333333333333333), ('0001', 0.3333333333333333)]"
"[0, 1, 0, 1]",1,"[('0100', 0.5), ('0001', 0.5)]"
"[1, 2, 3, 4]",1,"[('1000', 0.18090452261306533), ('0100', 0.02512562814070352), ('0200', 0.05527638190954774), ('0010', 0.2914572864321608), ('0020', 0.02512562814070352), ('0030', 0.11557788944723618), ('0001', 0.1457286432160804), ('0002', 0.01507537688442211), ('0003', 0.05527638190954774), ('0004', 0.09045226130653267)]"
"[1, 2, 2, 4]",-1,"[('1000', 0.20238095238095238), ('0100', 0.11904761904761904), ('0200', 0.10714285714285714), ('0010', 0.023809523809523808), ('0020', 0.14285714285714285), ('0001', 0.023809523809523808), ('0002', 0.23809523809523808), ('0003', 0.023809523809523808), ('0004', 0.11904761904761904)]"
"[1, 2, 2, 2]",1,"[('1000', 0.40625), ('0100', 0.0625), ('0200', 0.03125), ('0010', 0.15625), ('0020', 0.15625), ('0001', 0.15625), ('0002', 0.03125)]"
"[0, 2, 2, 2]",-1,"[('0100', 0.045454545454545456), ('0200', 0.3181818181818182), ('0010', 0.045454545454545456), ('0020', 0.22727272727272727), ('0001', 0.13636363636363635), ('0002', 0.22727272727272727)]"
"[0, 0, 2, 2]",1,"[('0010', 0.2), ('0020', 0.4), ('0001', 0.2), ('0002', 0.2)]"
"[1, 2, 3, 4]",1,"[('1000', 0.0670391061452514), ('0100', 0.08379888268156424), ('0200', 0.027932960893854747), ('0010', 0.0670391061452514), ('0020', 0.03910614525139665), ('0030', 0.12849162011173185), ('0001', 0.1787709497206704), ('0002', 0.1787709497206704), ('0003', 0.2122905027932961), ('0004', 0.01675977653631285)]"
"[1, 2, 3, 1]",-1,"[('1000', 0.24561403508771928), ('0100', 0.14035087719298245), ('0200', 0.03508771929824561), ('0010', 0.08771929824561403), ('0020', 0.12280701754385964), ('0030', 0.14035087719298245), ('0001', 0.22807017543859648)]"
"[0, 2, 3, 1]",1,"[('0100', 0.2903225806451613), ('0200', 0.16129032258064516), ('0010', 0.06451612903225806), ('0020', 0.25806451612903225), ('0030', 0.12903225806451613), ('0001', 0.0967741935483871)]"
"[0, 1, 3, 1]",-1,"[('0100', 0.0625), ('0010', 0.1875), ('0020', 0.625), ('0030', 0.0625), ('0001', 0.0625)]"
"[0, 1, 1, 1]",1,"[('0100', 0.3333333333333333), ('0010', 0.3333333333333333), ('0001', 0.3333333333333333)]"
"[0, 0, 1, 1]",-1,"[('0010', 0.5), ('0001', 0.5)]"
"[1, 2, 3, 4]",1,"[('1000', 0.13675213675213677), ('0100', 0.042735042735042736), ('0200', 0.10256410256410256), ('0010', 0.23076923076923078), ('0020', 0.017094017094017096), ('0030', 0.017094017094017096), ('0001', 0.017094017094017096), ('0002', 0.06837606837606838), ('0003', 0.29914529914529914), ('0004', 0.06837606837606838)]"
"[1, 2, 3, 1]",-1,"[('1000', 0.28), ('0100', 0.04), ('0200', 0.04), ('0010', 0.08), ('0020', 0.14), ('0030', 0.04), ('0001', 0.38)]"
"[1, 2, 3, 0]",1,"[('1000', 0.1111111111111111), ('0100', 0.05555555555555555), ('0200', 0.2777777777777778), ('0010', 0.3333333333333333), ('0020', 0.1111111111111111), ('0030', 0.1111111111111111)]"
"[1, 2, 2, 0]",-1,"[('1000', 0.4166666666666667), ('0100', 0.08333333333333333), ('0200', 0.08333333333333333), ('0010', 0.3333333333333333), ('0020', 0.08333333333333333)]"
"[0, 2, 2, 0]",1,"[('0100', 0.2), ('0200', 0.4), ('0010', 0.2), ('0020', 0.2)]"
"[1, 2, 3, 4]",1,"[('1000', 0.035398230088495575), ('0100', 0.035398230088495575), ('0200', 0.035398230088495575), ('0010', 0.035398230088495575), ('0020', 0.10619469026548672), ('0030', 0.21238938053097345), ('0001', 0.19469026548672566), ('0002', 0.05309734513274336), ('0003', 0.25663716814159293), ('0004', 0.035398230088495575)]"
"[1, 2, 3, 1]",-1,"[('1000', 0.37037037037037035), ('0100', 0.09876543209876543), ('0200', 0.14814814814814814), ('0010', 0.024691358024691357), ('0020', 0.09876543209876543), ('0030', 0.024691358024691357), ('0001', 0.2345679012345679)]"
"[0, 2, 3, 1]",1,"[('0100', 0.35294117647058826), ('0200', 0.11764705882352941), ('0010', 0.058823529411764705), ('0020', 0.058823529411764705), ('0030', 0.23529411764705882), ('0001', 0.17647058823529413)]"
"[0, 1, 3, 1]",-1,"[('0100', 0.2222222222222222), ('0010', 0.1111111111111111), ('0020', 0.5555555555555556), ('0030', 0.05555555555555555), ('0001', 0.05555555555555555)]"
"[0, 1, 1, 1]",1,"[('0100', 0.3333333333333333), ('0010', 0.3333333333333333), ('0001', 0.3333333333333333)]"
"[0, 0, 1, 1]",-1,"[('0010', 0.5), ('0001', 0.5)]"
"[1, 2, 3, 4]",1,"[('1000', 0.017857142857142856), ('0100', 0.11607142857142858), ('0200', 0.017857142857142856), ('0010', 0.13392857142857142), ('0020', 0.11607142857142858), ('0030', 0.07142857142857142), ('0001', 0.1875), ('0002', 0.0625), ('0003', 0.10714285714285714), ('0004', 0.16964285714285715)]"
"[1, 2, 3, 3]",-1,"[('1000', 0.017543859649122806), ('0100', 0.09941520467836257), ('0200', 0.04093567251461988), ('0010', 0.30409356725146197), ('0020', 0.07017543859649122), ('0030', 0.05263157894736842), ('0001', 0.34502923976608185), ('0002', 0.05263157894736842), ('0003', 0.017543859649122806)]"
"[1, 2, 3, 2]",1,"[('1000', 0.06451612903225806), ('0100', 0.25806451612903225), ('0200', 0.1935483870967742), ('0010', 0.06451612903225806), ('0020', 0.0967741935483871), ('0030', 0.16129032258064516), ('0001', 0.12903225806451613), ('0002', 0.03225806451612903)]"
"[1, 1, 3, 2]",-1,"[('1000', 0.21794871794871795), ('0100', 0.24358974358974358), ('0010', 0.11538461538461539), ('0020', 0.08974358974358974), ('0030', 0.02564102564102564), ('0001', 0.15384615384615385), ('0002', 0.15384615384615385)]"
"[1, 0, 3, 2]",1,"[('1000', 0.07692307692307693), ('0010', 0.11538461538461539), ('0020', 0.3076923076923077), ('0030', 0.15384615384615385), ('0001', 0.3076923076923077), ('0002', 0.038461538461538464)]"
"[1, 0, 1, 2]",-1,"[('1000', 0.11764705882352941), ('0010', 0.23529411764705882), ('0001', 0.5882352941176471), ('0002', 0.058823529411764705)]"
"[1, 0, 1, 1]",1,"[('1000', 0.3333333333333333), ('0010', 0.3333333333333333), ('0001', 0.3333333333333333)]"
"[0, 0, 1, 1]",-1,"[('0010', 0.5), ('0001', 0.5)]"
"[1, 2, 3, 4]",1,"[('1000', 0.035175879396984924), ('0100', 0.2864321608040201), ('0200', 0.05025125628140704), ('0010', 0.16080402010050251), ('0020', 0.15577889447236182), ('0030', 0.04020100502512563), ('0001', 0.02512562814070352), ('0002', 0.06532663316582915), ('0003', 0.05527638190954774), ('0004', 0.12562814070351758)]"
"[1, 1, 3, 4]",-1,"[('1000', 0.22330097087378642), ('0100', 0.1941747572815534), ('0010', 0.0970873786407767), ('0020', 0.019417475728155338), ('0030', 0.038834951456310676), ('0001', 0.05825242718446602), ('0002', 0.1553398058252427), ('0003', 0.10679611650485436), ('0004', 0.10679611650485436)]"
"[0, 1, 3, 4]",1,"[('0100', 0.15151515151515152), ('0010', 0.09090909090909091), ('0020', 0.06060606060606061), ('0030', 0.21212121212121213), ('0001', 0.09090909090909091), ('0002', 0.06060606060606061), ('0003', 0.2727272727272727), ('0004', 0.06060606060606061)]"
"[0, 1, 3, 1]",-1,"[('0100', 0.13333333333333333), ('0010', 0.06666666666666667), ('0020', 0.6666666666666666), ('0030', 0.06666666666666667), ('0001', 0.06666666666666667)]"
"[0, 1, 1, 1]",1,"[('0100', 0.3333333333333333), ('0010', 0.3333333333333333), ('0001', 0.3333333333333333)]"
"[0, 0, 1, 1]",-1,"[('0010', 0.5), ('0001', 0.5)]"
"[1, 2, 3, 4]",1,"[('1000', 0.022988505747126436), ('0100', 0.022988505747126436), ('0200', 0.20689655172413793), ('0010', 0.022988505747126436), ('0020', 0.022988505747126436), ('0030', 0.16091954022988506), ('0001', 0.09195402298850575), ('0002', 0.022988505747126436), ('0003', 0.40229885057471265), ('0004', 0.022988505747126436)]"
"[1, 2, 3, 1]",-1,"[('1000', 0.0425531914893617), ('0100', 0.0425531914893617), ('0200', 0.2553191489361702), ('0010', 0.0425531914893617), ('0020', 0.0425531914893617), ('0030', 0.2127659574468085), ('0001', 0.3617021276595745)]"
"[1, 2, 3, 0]",1,"[('1000', 0.045454545454545456), ('0100', 0.045454545454545456), ('0200', 0.13636363636363635), ('0010', 0.5), ('0020', 0.045454545454545456), ('0030', 0.22727272727272727)]"
"[1, 2, 2, 0]",-1,"[('1000', 0.1111111111111111), ('0100', 0.2222222222222222), ('0200', 0.2222222222222222), ('0010', 0.3888888888888889), ('0020', 0.05555555555555555)]"
"[1, 2, 1, 0]",1,"[('1000', 0.2), ('0100', 0.6666666666666666), ('0200', 0.06666666666666667), ('0010', 0.06666666666666667)]"
"[1, 1, 1, 0]",-1,"[('1000', 0.3333333333333333), ('0100', 0.3333333333333333), ('0010', 0.3333333333333333)]"
"[0, 1, 1, 0]",1,"[('0100', 0.5), ('0010', 0.5)]"
"[1, 2, 3, 4]",1,"[('1000', 0.1746987951807229), ('0100', 0.012048192771084338), ('0200', 0.3674698795180723), ('0010', 0.06626506024096386), ('0020', 0.0963855421686747), ('0030', 0.030120481927710843), ('0001', 0.0783132530120482), ('0002', 0.030120481927710843), ('0003', 0.13253012048192772), ('0004', 0.012048192771084338)]"
"[1, 0, 3, 4]",-1,"[('1000', 0.11904761904761904), ('0010', 0.07142857142857142), ('0020', 0.23809523809523808), ('0030', 0.07142857142857142), ('0001', 0.047619047619047616), ('0002', 0.16666666666666666), ('0003', 0.16666666666666666), ('0004', 0.11904761904761904)]"
"[1, 0, 1, 4]",1,"[('1000', 0.0625), ('0010', 0.0625), ('0001', 0.125), ('0002', 0.0625), ('0003', 0.625), ('0004', 0.0625)]"
"[1, 0, 1, 1]",-1,"[('1000', 0.3333333333333333), ('0010', 0.3333333333333333), ('0001', 0.3333333333333333)]"
"[0, 0, 1, 1]",1,"[('0010', 0.5), ('0001', 0.5)]"
"[1, 2, 3, 4]",1,"[('1000', 0.029850746268656716), ('0100', 0.029850746268656716), ('0200', 0.07462686567164178), ('0010', 0.16417910447761194), ('0020', 0.029850746268656716), ('0030', 0.19402985074626866), ('0001', 0.16417910447761194), ('0002', 0.11940298507462686), ('0003', 0.029850746268656716), ('0004', 0.16417910447761194)]"
"[1, 2, 0, 4]",-1,"[('1000', 0.35294117647058826), ('0100', 0.14705882352941177), ('0200', 0.11764705882352941), ('0001', 0.058823529411764705), ('0002', 0.20588235294117646), ('0003', 0.058823529411764705), ('0004', 0.058823529411764705)]"
"[0, 2, 0, 4]",1,"[('0100', 0.2916666666666667), ('0200', 0.041666666666666664), ('0001', 0.4166666666666667), ('0002', 0.16666666666666666), ('0003', 0.041666666666666664), ('0004', 0.041666666666666664)]"
"[0, 2, 0, 3]",-1,"[('0100', 0.07142857142857142), ('0200', 0.21428571428571427), ('0001', 0.35714285714285715), ('0002', 0.21428571428571427), ('0003', 0.14285714285714285)]"
"[0, 2, 0, 2]",1,"[('0100', 0.2), ('0200', 0.2), ('0001', 0.4), ('0002', 0.2)]"
"[0, 2, 0, 1]",-1,"[('0100', 0.3333333333333333), ('0200', 0.3333333333333333), ('0001', 0.3333333333333333)]"
"[0, 1, 0, 1]",1,"[('0100', 0.5), ('0001', 0.5)]"
"[1, 2, 3, 4]",1,"[('1000', 0.05223880597014925), ('0100', 0.11940298507462686), ('0200', 0.022388059701492536), ('0010', 0.05223880597014925), ('0020', 0.08955223880597014), ('0030', 0.08955223880597014), ('0001', 0.08208955223880597), ('0002', 0.08208955223880597), ('0003', 0.20149253731343283), ('0004', 0.208955223880597)]"
"[1, 2, 3, 0]",-1,"[('1000', 0.07692307692307693), ('0100', 0.07692307692307693), ('0200', 0.23076923076923078), ('0010', 0.15384615384615385), ('0020', 0.15384615384615385), ('0030', 0.3076923076923077)]"
"[1, 2, 0, 0]",1,"[('1000', 0.5), ('0100', 0.25), ('0200', 0.25)]"
"[1, 2, 3, 4]",1,"[('1000', 0.16346153846153846), ('0100', 0.019230769230769232), ('0200', 0.16346153846153846), ('0010', 0.2692307692307692), ('0020', 0.019230769230769232), ('0030', 0.019230769230769232), ('0001', 0.09615384615384616), ('0002', 0.038461538461538464), ('0003', 0.019230769230769232), ('0004', 0.19230769230769232)]"
"[1, 2, 2, 4]",-1,"[('1000', 0.06349206349206349), ('0100', 0.06349206349206349), ('0200', 0.06349206349206349), ('0010', 0.20634920634920634), ('0020', 0.20634920634920634), ('0001', 0.1746031746031746), ('0002', 0.07936507936507936), ('0003', 0.031746031746031744), ('0004', 0.1111111111111111)]"
"[1, 2, 1, 4]",1,"[('1000', 0.1658291457286432), ('0100', 0.03015075376884422), ('0200', 0.08040201005025126), ('0010', 0.10552763819095477), ('0001', 0.4472361809045226), ('0002', 0.09547738693467336), ('0003', 0.06030150753768844), ('0004', 0.01507537688442211)]"
"[1, 2, 1, 3]",-1,"[('1000', 0.05813953488372093), ('0100', 0.1744186046511628), ('0200', 0.1511627906976744), ('0010', 0.29069767441860467), ('0001', 0.05813953488372093), ('0002', 0.1511627906976744), ('0003', 0.11627906976744186)]"
"[1, 2, 0, 3]",1,"[('1000', 0.26666666666666666), ('0100', 0.06666666666666667), ('0200', 0.3333333333333333), ('0001', 0.06666666666666667), ('0002', 0.2), ('0003', 0.06666666666666667)]"
"[1, 0, 0, 3]",-1,"[('1000', 0.2), ('0001', 0.4), ('0002', 0.2), ('0003', 0.2)]"
"[1, 0, 0, 2]",1,"[('1000', 0.5), ('0001', 0.25), ('0002', 0.25)]"
"[1, 2, 3, 4]",1,"[('1000', 0.23809523809523808), ('0100', 0.1349206349206349), ('0200', 0.015873015873015872), ('0010', 0.015873015873015872), ('0020', 0.20634920634920634), ('0030', 0.2222222222222222), ('0001', 0.015873015873015872), ('0002', 0.047619047619047616), ('0003', 0.0873015873015873), ('0004', 0.015873015873015872)]"
"[0, 2, 3, 4]",-1,"[('0100', 0.18055555555555555), ('0200', 0.027777777777777776), ('0010', 0.2361111111111111), ('0020', 0.125), ('0030', 0.18055555555555555), ('0001', 0.027777777777777776), ('0002', 0.125), ('0003', 0.027777777777777776), ('0004', 0.06944444444444445)]"
"[0, 2, 2, 4]",1,"[('0100', 0.2549019607843137), ('0200', 0.23529411764705882), ('0010', 0.0392156862745098), ('0020', 0.27450980392156865), ('0001', 0.0392156862745098), ('0002', 0.0392156862745098), ('0003', 0.0784313725490196), ('0004', 0.0392156862745098)]"
"[0, 2, 0, 4]",-1,"[('0100', 0.4), ('0200', 0.06666666666666667), ('0001', 0.06666666666666667), ('0002', 0.06666666666666667), ('0003', 0.26666666666666666), ('0004', 0.13333333333333333)]"
"[0, 1, 0, 4]",1,"[('0100', 0.16666666666666666), ('0001', 0.3333333333333333), ('0002', 0.16666666666666666), ('0003', 0.16666666666666666), ('0004', 0.16666666666666666)]"
"[0, 1, 0, 3]",-1,"[('0100', 0.2), ('0001', 0.4), ('0002', 0.2), ('0003', 0.2)]"
"[0, 1, 0, 2]",1,"[('0100', 0.3333333333333333), ('0001', 0.3333333333333333), ('0002', 0.3333333333333333)]"
"[1, 2, 3, 4]",1,"[('1000', 0.06030150753768844), ('0100', 0.04522613065326633), ('0200', 0.02512562814070352), ('0010', 0.1306532663316583), ('0020', 0.05025125628140704), ('0030', 0.04522613065326633), ('0001', 0.32663316582914576), ('0002', 0.21105527638190955), ('0003', 0.01507537688442211), ('0004', 0.09045226130653267)]"
"[1, 2, 3, 3]",-1,"[('1000', 0.11392405063291139), ('0100', 0.05063291139240506), ('0200', 0.10126582278481013), ('0010', 0.21518987341772153), ('0020', 0.02531645569620253), ('0030', 0.06329113924050633), ('0001', 0.20253164556962025), ('0002', 0.02531645569620253), ('0003', 0.20253164556962025)]"
"[1, 2, 2, 3]",1,"[('1000', 0.027777777777777776), ('0100', 0.4722222222222222), ('0200', 0.18055555555555555), ('0010', 0.05555555555555555), ('0020', 0.027777777777777776), ('0001', 0.08333333333333333), ('0002', 0.125), ('0003', 0.027777777777777776)]"
"[1, 1, 2, 3]",-1,"[('1000', 0.043478260869565216), ('0100', 0.5), ('0010', 0.043478260869565216), ('0020', 0.08695652173913043), ('0001', 0.08695652173913043), ('0002', 0.1956521739130435), ('0003', 0.043478260869565216)]"
"[1, 0, 2, 3]",1,"[('1000', 0.1111111111111111), ('0010', 0.1111111111111111), ('0020', 0.07407407407407407), ('0001', 0.3333333333333333), ('0002', 0.2222222222222222), ('0003', 0.14814814814814814)]"
"[1, 0, 2, 2]",-1,"[('1000', 0.1111111111111111), ('0010', 0.3888888888888889), ('0020', 0.1111111111111111), ('0001', 0.16666666666666666), ('0002', 0.2222222222222222)]"
"[1, 0, 1, 2]",1,"[('1000', 0.23529411764705882), ('0010', 0.11764705882352941), ('0001', 0.5882352941176471), ('0002', 0.058823529411764705)]"
"[1, 0, 1, 1]",-1,"[('1000', 0.3333333333333333), ('0010', 0.3333333333333333), ('0001', 0.3333333333333333)]"
"[0, 0, 1, 1]",1,"[('0010', 0.5), ('0001', 0.5)]"
"[1, 2, 3, 4]",1,"[('1000', 0.030303030303030304), ('0100', 0.07575757575757576), ('0200', 0.3484848484848485), ('0010', 0.06060606060606061), ('0020', 0.030303030303030304), ('0030', 0.19696969696969696), ('0001', 0.12121212121212122), ('0002', 0.030303030303030304), ('0003', 0.030303030303030304), ('0004', 0.07575757575757576)]"
"[1, 0, 3, 4]",-1,"[('1000', 0.05555555555555555), ('0010', 0.32222222222222224), ('0020', 0.16666666666666666), ('0030', 0.1), ('0001', 0.14444444444444443), ('0002', 0.03333333333333333), ('0003', 0.14444444444444443), ('0004', 0.03333333333333333)]"
"[1, 0, 2, 4]",1,"[('1000', 0.23809523809523808), ('0010', 0.047619047619047616), ('0020', 0.047619047619047616), ('0001', 0.3333333333333333), ('0002', 0.047619047619047616), ('0003', 0.09523809523809523), ('0004', 0.19047619047619047)]"
"[1, 0, 2, 3]",-1,"[('1000', 0.10714285714285714), ('0010', 0.07142857142857142), ('0020', 0.10714285714285714), ('0001', 0.35714285714285715), ('0002', 0.21428571428571427), ('0003', 0.14285714285714285)]"
"[1, 0, 2, 2]",1,"[('1000', 0.125), ('0010', 0.125), ('0020', 0.125), ('0001', 0.125), ('0002', 0.5)]"
"[1, 0, 2, 0]",-1,"[('1000', 0.3333333333333333), ('0010', 0.3333333333333333), ('0020', 0.3333333333333333)]"
"[1, 2, 3, 4]",1,"[('1000', 0.035175879396984924), ('0100', 0.12562814070351758), ('0200', 0.08542713567839195), ('0010', 0.08542713567839195), ('0020', 0.27638190954773867), ('0030', 0.02512562814070352), ('0001', 0.23115577889447236), ('0002', 0.035175879396984924), ('0003', 0.05025125628140704), ('0004', 0.05025125628140704)]"
"[1, 2, 1, 4]",-1,"[('1000', 0.16455696202531644), ('0100', 0.20253164556962025), ('0200', 0.17721518987341772), ('0010', 0.02531645569620253), ('0001', 0.02531645569620253), ('0002', 0.12658227848101267), ('0003', 0.1518987341772152), ('0004', 0.12658227848101267)]"
"[1, 1, 1, 4]",1,"[('1000', 0.15), ('0100', 0.05), ('0010', 0.05), ('0001', 0.1), ('0002', 0.1), ('0003', 0.05), ('0004', 0.5)]"
"[1, 1, 1, 0]",-1,"[('1000', 0.3333333333333333), ('0100', 0.3333333333333333), ('0010', 0.3333333333333333)]"
"[0, 1, 1, 0]",1,"[('0100', 0.5), ('0010', 0.5)]"
"[1, 2, 3, 4]",1,"[('1000', 0.054945054945054944), ('0100', 0.027472527472527472), ('0200', 0.06043956043956044), ('0010', 0.07142857142857142), ('0020', 0.2967032967032967), ('0030', 0.13736263736263737), ('0001', 0.2032967032967033), ('0002', 0.01098901098901099), ('0003', 0.07692307692307693), ('0004', 0.06043956043956044)]"
"[1, 2, 1, 4]",-1,"[('1000', 0.4803921568627451), ('0100', 0.09803921568627451), ('0200', 0.13725490196078433), ('0010', 0.029411764705882353), ('0001', 0.029411764705882353), ('0002', 0.029411764705882353), ('0003', 0.11764705882352941), ('0004', 0.0784313725490196)]"
"[0, 2, 1, 4]",1,"[('0100', 0.3157894736842105), ('0200', 0.10526315789473684), ('0010', 0.05263157894736842), ('0001', 0.05263157894736842), ('0002', 0.21052631578947367), ('0003', 0.05263157894736842), ('0004', 0.21052631578947367)]"
"[0, 1, 1, 4]",-1,"[('0100', 0.06666666666666667), ('0010', 0.06666666666666667), ('0001', 0.06666666666666667), ('0002', 0.06666666666666667), ('0003', 0.6666666666666666), ('0004', 0.06666666666666667)]"
"[0, 1, 1, 1]",1,"[('0100', 0.3333333333333333), ('0010', 0.3333333333333333), ('0001', 0.3333333333333333)]"
"[0, 0, 1, 1]",-1,"[('0010', 0.5), ('0001', 0.5)]"
"[1, 2, 3, 4]",1,"[('1000', 0.11940298507462686), ('0100', 0.09701492537313433), ('0200', 0.3283582089552239), ('0010', 0.05970149253731343), ('0020', 0.03731343283582089), ('0030', 0.09701492537313433), ('0001', 0.022388059701492536), ('0002', 0.05970149253731343), ('0003', 0.05970149253731343), ('0004', 0.11940298507462686)]"
"[1, 0, 3, 4]",-1,"[('1000', 0.2222222222222222), ('0010', 0.037037037037037035), ('0020', 0.07407407407407407), ('0030', 0.07407407407407407), ('0001', 0.25925925925925924), ('0002', 0.037037037037037035), ('0003', 0.18518518518518517), ('0004', 0.1111111111111111)]"
"[1, 0, 3, 3]",1,"[('1000', 0.09090909090909091), ('0010', 0.09090909090909091), ('0020', 0.18181818181818182), ('0030', 0.2727272727272727), ('0001', 0.18181818181818182), ('0002', 0.09090909090909091), ('0003', 0.09090909090909091)]"
"[1, 0, 0, 3]",-1,"[('1000', 0.2), ('0001', 0.4), ('0002', 0.2), ('0003', 0.2)]"
"[1, 0, 0, 2]",1,"[('1000', 0.3333333333333333), ('0001', 0.3333333333333333), ('0002', 0.3333333333333333)]"
"[1, 2, 3, 4]",1,"[('1000', 0.037037037037037035), ('0100', 0.12962962962962962), ('0200', 0.1388888888888889), ('0010', 0.037037037037037035), ('0020', 0.4074074074074074), ('0030', 0.07407407407407407), ('0001', 0.08333333333333333), ('0002', 0.018518518518518517), ('0003', 0.018518518518518517), ('0004', 0.05555555555555555)]"
"[1, 2, 1, 4]",-1,"[('1000', 0.23943661971830985), ('0100', 0.15492957746478872), ('0200', 0.056338028169014086), ('0010', 0.056338028169014086), ('0001', 0.19718309859154928), ('0002', 0.14084507042253522), ('0003', 0.1267605633802817), ('0004', 0.028169014084507043)]"
"[0, 2, 1, 4]",1,"[('0100', 0.20833333333333334), ('0200', 0.041666666666666664), ('0010', 0.125), ('0001', 0.20833333333333334), ('0002', 0.041666666666666664), ('0003', 0.20833333333333334), ('0004', 0.16666666666666666)]"
"[0, 1, 1, 4]",-1,"[('0100', 0.047619047619047616), ('0010', 0.14285714285714285), ('0001', 0.14285714285714285), ('0002', 0.14285714285714285), ('0003', 0.47619047619047616), ('0004', 0.047619047619047616)]"
"[0, 1, 1, 1]",1,"[('0100', 0.3333333333333333), ('0010', 0.3333333333333333), ('0001', 0.3333333333333333)]"
"[0, 0, 1, 1]",-1,"[('0010', 0.5), ('0001', 0.5)]"
"[1, 2, 3, 4]",1,"[('1000', 0.017857142857142856), ('0100', 0.017857142857142856), ('0200', 0.11607142857142858), ('0010', 0.2767857142857143), ('0020', 0.0625), ('0030', 0.017857142857142856), ('0001', 0.05357142857142857), ('0002', 0.14285714285714285), ('0003', 0.19642857142857142), ('0004', 0.09821428571428571)]"
"[1, 2, 2, 4]",-1,"[('1000', 0.11320754716981132), ('0100', 0.09433962264150944), ('0200', 0.05660377358490566), ('0010', 0.11320754716981132), ('0020', 0.03773584905660377), ('0001', 0.03773584905660377), ('0002', 0.20754716981132076), ('0003', 0.11320754716981132), ('0004', 0.22641509433962265)]"
"[1, 2, 2, 0]",1,"[('1000', 0.08333333333333333), ('0100', 0.16666666666666666), ('0200', 0.16666666666666666), ('0010', 0.25), ('0020', 0.3333333333333333)]"
"[1, 2, 0, 0]",-1,"[('1000', 0.3333333333333333), ('0100', 0.3333333333333333), ('0200', 0.3333333333333333)]"
"[1, 2, 3, 4]",1,"[('1000', 0.09547738693467336), ('0100', 0.1507537688442211), ('0200', 0.06532663316582915), ('0010', 0.08040201005025126), ('0020', 0.04020100502512563), ('0030', 0.035175879396984924), ('0001', 0.24120603015075376), ('0002', 0.06030150753768844), ('0003', 0.19597989949748743), ('0004', 0.035175879396984924)]"
"[1, 2, 3, 3]",-1,"[('1000', 0.04285714285714286), ('0100', 0.18571428571428572), ('0200', 0.37142857142857144), ('0010', 0.07142857142857142), ('0020', 0.04285714285714286), ('0030', 0.04285714285714286), ('0001', 0.04285714285714286), ('0002', 0.04285714285714286), ('0003', 0.15714285714285714)]"
"[1, 0, 3, 3]",1,"[('1000', 0.34782608695652173), ('0010', 0.06521739130434782), ('0020', 0.10869565217391304), ('0030', 0.043478260869565216), ('0001', 0.13043478260869565), ('0002', 0.1956521739130435), ('0003', 0.10869565217391304)]"
"[0, 0, 3, 3]",-1,"[('0010', 0.15384615384615385), ('0020', 0.07692307692307693), ('0030', 0.07692307692307693), ('0001', 0.07692307692307693), ('0002', 0.38461538461538464), ('0003', 0.23076923076923078)]"
"[0, 0, 3, 1]",1,"[('0010', 0.25), ('0020', 0.25), ('0030', 0.25), ('0001', 0.25)]"
"[0, 0, 2, 1]",-1,"[('0010', 0.3333333333333333), ('0020', 0.3333333333333333), ('0001', 0.3333333333333333)]"
"[0, 0, 1, 1]",1,"[('0010', 0.5), ('0001', 0.5)]"
"[1, 2, 3, 4]",1,"[('1000', 0.23357664233576642), ('0100', 0.1678832116788321), ('0200', 0.08759124087591241), ('0010', 0.0364963503649635), ('0020', 0.06569343065693431), ('0030', 0.10948905109489052), ('0001', 0.051094890510948905), ('0002', 0.072992700729927), ('0003', 0.08759124087591241), ('0004', 0.08759124087591241)]"
"[0, 2, 3, 4]",-1,"[('0100', 0.0425531914893617), ('0200', 0.10638297872340426), ('0010', 0.10638297872340426), ('0020', 0.0851063829787234), ('0030', 0.0851063829787234), ('0001', 0.0425531914893617), ('0002', 0.0425531914893617), ('0003', 0.44680851063829785), ('0004', 0.0425531914893617)]"
"[0, 2, 3, 1]",1,"[('0100', 0.10526315789473684), ('0200', 0.10526315789473684), ('0010', 0.05263157894736842), ('0020', 0.10526315789473684), ('0030', 0.21052631578947367), ('0001', 0.42105263157894735)]"
"[0, 2, 3, 0]",-1,"[('0100', 0.09090909090909091), ('0200', 0.09090909090909091), ('0010', 0.5454545454545454), ('0020', 0.09090909090909091), ('0030', 0.18181818181818182)]"
"[0, 2, 2, 0]",1,"[('0100', 0.125), ('0200', 0.25), ('0010', 0.5), ('0020', 0.125)]"
"[0, 2, 1, 0]",-1,"[('0100', 0.3333333333333333), ('0200', 0.3333333333333333), ('0010', 0.3333333333333333)]"
"[0, 1, 1, 0]",1,"[('0100', 0.5), ('0010', 0.5)]"
"[1, 2, 3, 4]",1,"[('1000', 0.01507537688442211), ('0100', 0.04522613065326633), ('0200', 0.11557788944723618), ('0010', 0.15577889447236182), ('0020', 0.10050251256281408), ('0030', 0.07035175879396985), ('0001', 0.21608040201005024), ('0002', 0.135678391959799), ('0003', 0.11055276381909548), ('0004', 0.035175879396984924)]"
"[1, 2, 3, 3]",-1,"[('1000', 0.08035714285714286), ('0100', 0.08928571428571429), ('0200', 0.10714285714285714), ('0010', 0.044642857142857144), ('0020', 0.17857142857142858), ('0030', 0.026785714285714284), ('0001', 0.044642857142857144), ('0002', 0.17857142857142858), ('0003', 0.25)]"
"[1, 2, 3, 0]",1,"[('1000', 0.13043478260869565), ('0100', 0.13043478260869565), ('0200', 0.21739130434782608), ('0010', 0.17391304347826086), ('0020', 0.30434782608695654), ('0030', 0.043478260869565216)]"
"[1, 2, 1, 0]",-1,"[('1000', 0.0625), ('0100', 0.625), ('0200', 0.0625), ('0010', 0.25)]"
"[1, 1, 1, 0]",1,"[('1000', 0.3333333333333333), ('0100', 0.3333333333333333), ('0010', 0.3333333333333333)]"
"[0, 1, 1, 0]",-1,"[('0100', 0.5), ('0010', 0.5)]"
"[1, 2, 3, 4]",1,"[('1000', 0.02197802197802198), ('0100', 0.08791208791208792), ('0200', 0.1978021978021978), ('0010', 0.0989010989010989), ('0020', 0.08791208791208792), ('0030', 0.2087912087912088), ('0001', 0.04395604395604396), ('0002', 0.13186813186813187), ('0003', 0.0989010989010989), ('0004', 0.02197802197802198)]"
"[1, 2, 0, 4]",-1,"[('1000', 0.16666666666666666), ('0100', 0.08333333333333333), ('0200', 0.05555555555555555), ('0001', 0.08333333333333333), ('0002', 0.4166666666666667), ('0003', 0.08333333333333333), ('0004', 0.1111111111111111)]"
"[1, 2, 0, 2]",1,"[('1000', 0.1), ('0100', 0.1), ('0200', 0.4), ('0001', 0.2), ('0002', 0.2)]"
"[1, 0, 0, 2]",-1,"[('1000', 0.5), ('0001', 0.25), ('0002', 0.25)]"
"[1, 2, 3, 4]",1,"[('1000', 0.16080402010050251), ('0100', 0.04020100502512563), ('0200', 0.17587939698492464), ('0010', 0.06532663316582915), ('0020', 0.27638190954773867), ('0030', 0.05025125628140704), ('0001', 0.08040201005025126), ('0002', 0.035175879396984924), ('0003', 0.07537688442211055), ('0004', 0.04020100502512563)]"
"[1, 2, 1, 4]",-1,"[('1000', 0.26744186046511625), ('0100', 0.16279069767441862), ('0200', 0.023255813953488372), ('0010', 0.2441860465116279), ('0001', 0.1744186046511628), ('0002', 0.023255813953488372), ('0003', 0.08139534883720931), ('0004', 0.023255813953488372)]"
"[0, 2, 1, 4]",1,"[('0100', 0.23529411764705882), ('0200', 0.35294117647058826), ('0010', 0.058823529411764705), ('0001', 0.058823529411764705), ('0002', 0.058823529411764705), ('0003', 0.058823529411764705), ('0004', 0.17647058823529413)]"
"[0, 0, 1, 4]",-1,"[('0010', 0.2), ('0001', 0.2), ('0002', 0.2), ('0003', 0.2), ('0004', 0.2)]"
"[1, 2, 3, 4]",1,"[('1000', 0.050955414012738856), ('0100', 0.044585987261146494), ('0200', 0.050955414012738856), ('0010', 0.10191082802547771), ('0020', 0.10191082802547771), ('0030', 0.18471337579617833), ('0001', 0.22929936305732485), ('0002', 0.08280254777070063), ('0003', 0.01910828025477707), ('0004', 0.1337579617834395)]"
"[1, 2, 3, 3]",-1,"[('1000', 0.023809523809523808), ('0100', 0.10714285714285714), ('0200', 0.023809523809523808), ('0010', 0.20238095238095238), ('0020', 0.11904761904761904), ('0030', 0.16666666666666666), ('0001', 0.047619047619047616), ('0002', 0.2857142857142857), ('0003', 0.023809523809523808)]"
"[1, 2, 3, 1]",1,"[('1000', 0.3548387096774194), ('0100', 0.03225806451612903), ('0200', 0.03225806451612903), ('0010', 0.03225806451612903), ('0020', 0.03225806451612903), ('0030', 0.22580645161290322), ('0001', 0.2903225806451613)]"
"[0, 2, 3, 1]",-1,"[('0100', 0.0625), ('0200', 0.375), ('0010', 0.0625), ('0020', 0.375), ('0030', 0.0625), ('0001', 0.0625)]"
"[0, 0, 3, 1]",1,"[('0010', 0.25), ('0020', 0.25), ('0030', 0.25), ('0001', 0.25)]"
"[0, 0, 2, 1]",-1,"[('0010', 0.3333333333333333), ('0020', 0.3333333333333333), ('0001', 0.3333333333333333)]"
"[0, 0, 1, 1]",1,"[('0010', 0.5), ('0001', 0.5)]"
"[1, 2, 3, 4]",1,"[('1000', 0.19090909090909092), ('0100', 0.10909090909090909), ('0200', 0.01818181818181818), ('0010', 0.10909090909090909), ('0020', 0.13636363636363635), ('0030', 0.08181818181818182), ('0001', 0.01818181818181818), ('0002', 0.01818181818181818), ('0003', 0.08181818181818182), ('0004', 0.23636363636363636)]"
"[1, 2, 3, 0]",-1,"[('1000', 0.07692307692307693), ('0100', 0.23076923076923078), ('0200', 0.07692307692307693), ('0010', 0.23076923076923078), ('0020', 0.07692307692307693), ('0030', 0.3076923076923077)]"
"[1, 2, 0, 0]",1,"[('1000', 0.3333333333333333), ('0100', 0.3333333333333333), ('0200', 0.3333333333333333)]"
"[1, 2, 3, 4]",1,"[('1000', 0.11494252873563218), ('0100', 0.21839080459770116), ('0200', 0.022988505747126436), ('0010', 0.022988505747126436), ('0020', 0.022988505747126436), ('0030', 0.09195402298850575), ('0001', 0.022988505747126436), ('0002', 0.26436781609195403), ('0003', 0.06896551724137931), ('0004', 0.14942528735632185)]"
"[1, 2, 3, 2]",-1,"[('1000', 0.0975609756097561), ('0100', 0.016260162601626018), ('0200', 0.13821138211382114), ('0010', 0.016260162601626018), ('0020', 0.3983739837398374), ('0030', 0.10569105691056911), ('0001', 0.016260162601626018), ('0002', 0.21138211382113822)]"
"[1, 2, 1, 2]",1,"[('1000', 0.14893617021276595), ('0100', 0.14893617021276595), ('0200', 0.0425531914893617), ('0010', 0.3191489361702128), ('0001', 0.1702127659574468), ('0002', 0.1702127659574468)]"
"[1, 2, 0, 2]",-1,"[('1000', 0.13636363636363635), ('0100', 0.3181818181818182), ('0200', 0.22727272727272727), ('0001', 0.2727272727272727), ('0002', 0.045454545454545456)]"
"[1, 1, 0, 2]",1,"[('1000', 0.07692307692307693), ('0100', 0.07692307692307693), ('0001', 0.7692307692307693), ('0002', 0.07692307692307693)]"
"[1, 1, 0, 1]",-1,"[('1000', 0.3333333333333333), ('0100', 0.3333333333333333), ('0001', 0.3333333333333333)]"
"[0, 1, 0, 1]",1,"[('0100', 0.5), ('0001', 0.5)]"
"[1, 2, 3, 4]",1,"[('1000', 0.024096385542168676), ('0100', 0.060240963855421686), ('0200', 0.39759036144578314), ('0010', 0.18072289156626506), ('0020', 0.024096385542168676), ('0030', 0.024096385542168676), ('0001', 0.060240963855421686), ('0002', 0.1566265060240964), ('0003', 0.024096385542168676), ('0004', 0.04819277108433735)]"
"[1, 0, 3, 4]",-1,"[('1000', 0.023529411764705882), ('0010', 0.18823529411764706), ('0020', 0.11764705882352941), ('0030', 0.023529411764705882), ('0001', 0.4588235294117647), ('0002', 0.1411764705882353), ('0003', 0.023529411764705882), ('0004', 0.023529411764705882)]"
"[1, 0, 3, 3]",1,"[('1000', 0.32), ('0010', 0.28), ('0020', 0.04), ('0030', 0.24), ('0001', 0.04), ('0002', 0.04), ('0003', 0.04)]"
"[0, 0, 3, 3]",-1,"[('0010', 0.047619047619047616), ('0020', 0.2857142857142857), ('0030', 0.047619047619047616), ('0001', 0.38095238095238093), ('0002', 0.19047619047619047), ('0003', 0.047619047619047616)]"
"[0, 0, 3, 2]",1,"[('0010', 0.1), ('0020', 0.4), ('0030', 0.2), ('0001', 0.1), ('0002', 0.2)]"
"[0, 0, 1, 2]",-1,"[('0010', 0.3333333333333333), ('0001', 0.3333333333333333), ('0002', 0.3333333333333333)]"
"[1, 2, 3, 4]",1,"[('1000', 0.10869565217391304), ('0100', 0.10869565217391304), ('0200', 0.06521739130434782), ('0010', 0.14130434782608695), ('0020', 0.021739130434782608), ('0030', 0.18478260869565216), ('0001', 0.021739130434782608), ('0002', 0.07608695652173914), ('0003', 0.10869565217391304), ('0004', 0.16304347826086957)]"
"[1, 2, 0, 4]",-1,"[('1000', 0.07142857142857142), ('0100', 0.14285714285714285), ('0200', 0.07142857142857142), ('0001', 0.14285714285714285), ('0002', 0.21428571428571427), ('0003', 0.07142857142857142), ('0004', 0.2857142857142857)]"
"[1, 2, 0, 0]",1,"[('1000', 0.5), ('0100', 0.25), ('0200', 0.25)]"
"[1, 2, 3, 4]",1,"[('1000', 0.07035175879396985), ('0100', 0.18090452261306533), ('0200', 0.1658291457286432), ('0010', 0.05025125628140704), ('0020', 0.01507537688442211), ('0030', 0.07537688442211055), ('0001', 0.20100502512562815), ('0002', 0.1457286432160804), ('0003', 0.06030150753768844), ('0004', 0.035175879396984924)]"
"[1, 2, 3, 3]",-1,"[('1000', 0.19597989949748743), ('0100', 0.06030150753768844), ('0200', 0.02512562814070352), ('0010', 0.06030150753768844), ('0020', 0.20100502512562815), ('0030', 0.02512562814070352), ('0001', 0.035175879396984924), ('0002', 0.3417085427135678), ('0003', 0.05527638190954774)]"
"[1, 2, 3, 1]",1,"[('1000', 0.28), ('0100', 0.22), ('0200', 0.04), ('0010', 0.04), ('0020', 0.18), ('0030', 0.06), ('0001', 0.18)]"
"[0, 2, 3, 1]",-1,"[('0100', 0.2), ('0200', 0.13333333333333333), ('0010', 0.3333333333333333), ('0020', 0.15555555555555556), ('0030', 0.08888888888888889), ('0001', 0.08888888888888889)]"
"[0, 2, 2, 1]",1,"[('0100', 0.09090909090909091), ('0200', 0.36363636363636365), ('0010', 0.09090909090909091), ('0020', 0.36363636363636365), ('0001', 0.09090909090909091)]"
"[0, 0, 2, 1]",-1,"[('0010', 0.3333333333333333), ('0020', 0.3333333333333333), ('0001', 0.3333333333333333)]"
"[0, 0, 1, 1]",1,"[('0010', 0.5), ('0001', 0.5)]"
"[1, 2, 3, 4]",1,"[('1000', 0.021505376344086023), ('0100', 0.11827956989247312), ('0200', 0.11827956989247312), ('0010', 0.15053763440860216), ('0020', 0.12903225806451613), ('0030', 0.043010752688172046), ('0001', 0.021505376344086023), ('0002', 0.17204301075268819), ('0003', 0.043010752688172046), ('0004', 0.1827956989247312)]"
"[1, 2, 3, 0]",-1,"[('1000', 0.1875), ('0100', 0.0625), ('0200', 0.125), ('0010', 0.1875), ('0020', 0.1875), ('0030', 0.25)]"
"[1, 2, 0, 0]",1,"[('1000', 0.3333333333333333), ('0100', 0.3333333333333333), ('0200', 0.3333333333333333)]"
"[1, 2, 3, 4]",1,"[('1000', 0.06896551724137931), ('0100', 0.10919540229885058), ('0200', 0.06896551724137931), ('0010', 0.08620689655172414), ('0020', 0.028735632183908046), ('0030', 0.09195402298850575), ('0001', 0.09195402298850575), ('0002', 0.14367816091954022), ('0003', 0.2413793103448276), ('0004', 0.06896551724137931)]"
"[1, 2, 3, 1]",-1,"[('1000', 0.039473684210526314), ('0100', 0.11842105263157894), ('0200', 0.11842105263157894), ('0010', 0.18421052631578946), ('0020', 0.15789473684210525), ('0030', 0.11842105263157894), ('0001', 0.2631578947368421)]"
"[1, 2, 3, 0]",1,"[('1000', 0.10344827586206896), ('0100', 0.1724137931034483), ('0200', 0.10344827586206896), ('0010', 0.41379310344827586), ('0020', 0.06896551724137931), ('0030', 0.13793103448275862)]"
"[1, 2, 2, 0]",-1,"[('1000', 0.1111111111111111), ('0100', 0.1111111111111111), ('0200', 0.1111111111111111), ('0010', 0.2222222222222222), ('0020', 0.4444444444444444)]"
"[1, 2, 0, 0]",1,"[('1000', 0.5), ('0100', 0.25), ('0200', 0.25)]"
"[1, 2, 3, 4]",1,"[('1000', 0.03571428571428571), ('0100', 0.03571428571428571), ('0200', 0.03571428571428571), ('0010', 0.05357142857142857), ('0020', 0.03571428571428571), ('0030', 0.05357142857142857), ('0001', 0.10714285714285714), ('0002', 0.23214285714285715), ('0003', 0.03571428571428571), ('0004', 0.375)]"
"[1, 2, 3, 0]",-1,"[('1000', 0.13333333333333333), ('0100', 0.06666666666666667), ('0200', 0.3333333333333333), ('0010', 0.06666666666666667), ('0020', 0.13333333333333333), ('0030', 0.26666666666666666)]"
"[1, 0, 3, 0]",1,"[('1000', 0.4), ('0010', 0.2), ('0020', 0.2), ('0030', 0.2)]"
"[1, 2, 3, 4]",1,"[('1000', 0.1076923076923077), ('0100', 0.2), ('0200', 0.1076923076923077), ('0010', 0.03076923076923077), ('0020', 0.03076923076923077), ('0030', 0.27692307692307694), ('0001', 0.03076923076923077), ('0002', 0.09230769230769231), ('0003', 0.03076923076923077), ('0004', 0.09230769230769231)]"
"[1, 2, 0, 4]",-1,"[('1000', 0.391304347826087), ('0100', 0.06521739130434782), ('0200', 0.13043478260869565), ('0001', 0.2608695652173913), ('0002', 0.043478260869565216), ('0003', 0.06521739130434782), ('0004', 0.043478260869565216)]"
"[0, 2, 0, 4]",1,"[('0100', 0.6153846153846154), ('0200', 0.07692307692307693), ('0001', 0.07692307692307693), ('0002', 0.07692307692307693), ('0003', 0.07692307692307693), ('0004', 0.07692307692307693)]"
"[0, 1, 0, 4]",-1,"[('0100', 0.25), ('0001', 0.25), ('0002', 0.25), ('0003', 0.125), ('0004', 0.125)]"
